{
	"name": "inserter-visualizer",
	"version": "0.0.7",
	"title": "Inserter Visualizer",
	"description": "Indicates which lane of a belt inserters place onto. \n\n- Use the smart-hotkey __CONTROL__toggle-global-inserter-visualizer__ to highlight drop locations of all inserters, just the selected inserter, or inserters placing onto the selected transport belt line. \n- Use __CONTROL__toggle-selection-highlighting-shortcut__ to toggle live selection highlighting.",
	"author": "asher_sky",
	"dependencies": ["base >= 1.1.61", "flib"],
	"factorio_version": "1.1"
}
